text_id,author,title,sample_idx,rep,condition,lang,basic_ttr,basic_tokens_per_sentence_mean,basic_chars_per_token_mean,basic_n_unique_unigrams,basic_n_unique_bigrams,basic_n_repeated_bigrams,basic_n_unique_trigrams,basic_n_repeated_trigrams,synt_mean_dependency_distance,synt_DEPREL_det_prop,synt_DEPREL_det_md,synt_DEPREL_root_prop,synt_DEPREL_root_md,synt_DEPREL_cc_prop,synt_DEPREL_cc_md,synt_DEPREL_conj_prop,synt_DEPREL_conj_md,synt_DEPREL_case_prop,synt_DEPREL_case_md,synt_DEPREL_nmod_prop,synt_DEPREL_nmod_md,synt_DEPREL_punct_prop,synt_DEPREL_obj_prop,synt_DEPREL_obj_md,synt_DEPREL_amod_prop,synt_DEPREL_amod_md,synt_DEPREL_appos_prop,synt_DEPREL_appos_md,synt_DEPREL_nsubj_prop,synt_DEPREL_nsubj_md,synt_DEPREL_mark_prop,synt_DEPREL_mark_md,synt_DEPREL_acl_prop,synt_DEPREL_acl_md,synt_DEPREL_advmod_prop,synt_DEPREL_advmod_md,synt_DEPREL_obl_prop,synt_DEPREL_obl_md,synt_DEPREL_advcl_prop,synt_DEPREL_advcl_md,synt_DEPREL_cop_prop,synt_DEPREL_cop_md,synt_DEPREL_xcomp_prop,synt_DEPREL_xcomp_md,synt_DEPREL_acl:relcl_prop,synt_DEPREL_acl:relcl_md,synt_UPOS_DET_md,synt_UPOS_NOUN_prop,synt_UPOS_NOUN_md,synt_UPOS_ADP_prop,synt_UPOS_ADP_md,synt_UPOS_PUNCT_md,synt_UPOS_VERB_prop,synt_UPOS_VERB_md,synt_UPOS_ADJ_md,synt_UPOS_ADV_md,synt_UPOS_PROPN_prop,synt_UPOS_PROPN_md,synt_UPOS_AUX_prop,synt_UPOS_AUX_md,synt_UPOS_PRON_prop,synt_UPOS_PRON_md,synt_UPOS_SCONJ_prop,synt_UPOS_SCONJ_md,synt_UPOS_total_words
inteligência_artificial__s02,wikipedia_pt,inteligência_artificial,2,,original,pt,0.524,35.714285714285715,5.6455696202531644,225,437,101,475,38,3.800387596899225,0.1316793893129771,1.1014492753623188,0.015267175572519,4.875,0.0229007633587786,2.5,0.0477099236641221,17.32,0.1316793893129771,2.3768115942028984,0.0782442748091603,3.1463414634146343,0.1622137404580152,0.0362595419847328,2.0526315789473686,0.0667938931297709,1.1142857142857143,0.0343511450381679,5.0,0.0419847328244274,6.636363636363637,0.0248091603053435,3.8461538461538463,0.0209923664122137,3.272727272727273,0.0229007633587786,3.6666666666666665,0.0477099236641221,7.12,0.0114503816793893,14.333333333333334,0.0114503816793893,2.1666666666666665,0.0095419847328244,1.2,0.0095419847328244,7.0,1.1014492753623188,0.2022900763358778,5.4245283018867925,0.1564885496183206,2.231707317073171,2.447058823529412,0.0782442748091603,9.414634146341465,4.615384615384615,3.769230769230769,0.0801526717557251,2.452380952380953,0.015267175572519,2.25,0.0133587786259541,2.571428571428572,0.0057251908396946,10.666666666666666,524
aprendizado_por_reforço__s02,wikipedia_pt,aprendizado_por_reforço,2,,original,pt,0.474,29.41176470588235,4.9950248756218905,205,431,110,478,35,3.757575757575758,0.123046875,1.0634920634920637,0.033203125,9.352941176470589,0.021484375,3.8181818181818175,0.05078125,13.192307692307692,0.126953125,1.5384615384615383,0.083984375,2.302325581395349,0.162109375,0.03515625,1.6111111111111112,0.048828125,1.16,0.0234375,3.333333333333333,0.048828125,2.6,0.02734375,3.2142857142857144,0.015625,3.5,0.01953125,2.2,0.033203125,4.176470588235294,0.017578125,11.666666666666666,0.013671875,1.5714285714285714,0.0234375,2.6666666666666665,0.009765625,4.6,1.078125,0.234375,3.633333333333333,0.142578125,1.5890410958904109,5.309523809523809,0.103515625,8.943396226415095,1.6129032258064515,2.363636363636364,0.03515625,4.055555555555555,0.03515625,1.2222222222222223,0.01953125,1.8,0.015625,4.75,512
inteligência_artificial__s01,wikipedia_pt,inteligência_artificial,1,,original,pt,0.528,35.714285714285715,5.6458852867830425,236,444,100,486,24,4.05631067961165,0.1252371916508539,1.0757575757575757,0.0227703984819734,10.5,0.0493358633776091,2.8461538461538463,0.0910815939278937,10.958333333333334,0.1404174573055028,1.5945945945945943,0.0948766603415559,2.88,0.1555977229601518,0.0360531309297912,1.7894736842105263,0.0740037950664136,1.1538461538461535,0.0227703984819734,4.166666666666667,0.0341555977229601,6.611111111111111,0.0189753320683111,1.8,0.0151802656546489,3.25,0.01707779886148,1.4444444444444444,0.0303605313092979,6.625,0.0132827324478178,11.714285714285714,0.0075901328273244,1.75,0.0056925996204933,2.333333333333333,0.0037950664136622,2.0,1.0735294117647058,0.25426944971537,5.358208955223881,0.1631878557874762,1.5813953488372092,5.7317073170731705,0.0664136622390891,8.228571428571428,4.0,1.818181818181818,0.0227703984819734,2.5,0.0151802656546489,4.25,0.0075901328273244,2.25,0.0018975332068311,4.0,527
universidade_federal_de_minas_gerais__s00,wikipedia_pt,universidade_federal_de_minas_gerais,0,,original,pt,0.454,33.333333333333336,5.150127226463105,190,408,145,468,51,3.9280155642023344,0.1195445920303605,1.238095238095238,0.0246679316888045,8.538461538461538,0.032258064516129,1.5294117647058822,0.0550284629981024,11.517241379310343,0.1347248576850095,1.732394366197183,0.0626185958254269,3.4545454545454546,0.1537001897533206,0.0189753320683111,4.0,0.0588235294117647,1.2258064516129032,0.0303605313092979,5.8125,0.0341555977229601,2.833333333333333,0.0075901328273244,3.75,0.0094876660341555,6.4,0.0208728652751423,1.4545454545454546,0.0531309297912713,7.107142857142857,0.0056925996204933,24.0,0.01707779886148,2.333333333333333,0.0037950664136622,9.0,0.0094876660341555,4.2,1.303030303030303,0.1404174573055028,6.202702702702703,0.159392789373814,1.7261904761904765,5.567901234567901,0.0455407969639468,10.166666666666666,1.411764705882353,1.5,0.1518026565464895,3.9375,0.0265654648956356,2.4285714285714284,0.0227703984819734,6.25,0.0037950664136622,1.5,527
aprendizado_por_reforço__s00,wikipedia_pt,aprendizado_por_reforço,0,,original,pt,0.432,41.66666666666666,5.188861985472155,186,409,150,460,68,3.939334637964775,0.1276190476190476,1.044776119402985,0.0266666666666666,8.142857142857142,0.0342857142857142,1.6666666666666667,0.0666666666666666,13.942857142857145,0.1466666666666666,1.4415584415584417,0.1276190476190476,2.567164179104477,0.1485714285714285,0.019047619047619,2.1,0.0552380952380952,1.0689655172413792,0.0152380952380952,3.75,0.0323809523809523,5.0588235294117645,0.0266666666666666,4.571428571428571,0.0171428571428571,1.8888888888888888,0.0228571428571428,2.1666666666666665,0.0285714285714285,5.866666666666666,0.0095238095238095,12.2,0.0076190476190476,1.25,0.0114285714285714,1.6666666666666667,0.0095238095238095,6.8,1.0441176470588236,0.2628571428571428,4.818840579710145,0.1695238095238095,2.640449438202247,4.846153846153846,0.0723809523809523,7.552631578947368,1.5588235294117647,2.7857142857142856,0.0304761904761904,11.0,0.0228571428571428,1.3333333333333333,0.0171428571428571,2.0,0.0133333333333333,5.142857142857143,525
história_da_inteligência_artificial__s02,wikipedia_pt,história_da_inteligência_artificial,2,,original,pt,0.56,29.41176470588235,5.415,239,452,78,489,15,3.664739884393064,0.1231343283582089,1.0757575757575757,0.0317164179104477,8.058823529411764,0.0242537313432835,2.923076923076923,0.0279850746268656,8.533333333333333,0.1417910447761194,1.5657894736842106,0.0783582089552238,4.690476190476191,0.1361940298507462,0.0223880597014925,1.75,0.0559701492537313,1.0333333333333334,0.0205223880597014,5.636363636363637,0.0354477611940298,3.1578947368421053,0.0317164179104477,3.4705882352941178,0.0111940298507462,2.5,0.0242537313432835,4.538461538461538,0.0503731343283582,6.666666666666667,0.0074626865671641,7.5,0.0055970149253731,2.0,0.0167910447761194,2.2222222222222223,0.0111940298507462,9.166666666666666,1.0869565217391304,0.1585820895522388,4.376470588235295,0.1753731343283582,1.8297872340425527,5.849315068493151,0.0708955223880597,7.526315789473684,1.03125,4.571428571428571,0.1138059701492537,4.065573770491803,0.0186567164179104,1.6,0.0298507462686567,1.8125,0.0093283582089552,5.2,536
universidade_federal_de_minas_gerais__s01,wikipedia_pt,universidade_federal_de_minas_gerais,1,,original,pt,0.538,26.31578947368421,5.400497512437811,227,444,95,484,26,3.7792706333973127,0.1481481481481481,1.1625,0.0351851851851851,9.421052631578949,0.0222222222222222,1.8333333333333333,0.0296296296296296,12.0625,0.124074074074074,1.835820895522388,0.074074074074074,3.65,0.1407407407407407,0.0203703703703703,2.4545454545454546,0.0537037037037037,1.0,0.0203703703703703,5.181818181818182,0.0222222222222222,4.75,0.0074074074074074,3.0,0.0111111111111111,3.5,0.0259259259259259,3.928571428571429,0.0518518518518518,4.607142857142857,0.0111111111111111,11.666666666666666,0.0055555555555555,2.333333333333333,0.0037037037037037,9.0,0.0092592592592592,5.8,1.337209302325581,0.1462962962962962,4.481012658227848,0.1629629629629629,1.8409090909090908,6.105263157894737,0.0703703703703703,8.210526315789474,1.096774193548387,3.764705882352941,0.1222222222222222,4.727272727272728,0.0314814814814814,1.411764705882353,0.0129629629629629,1.8571428571428568,0.0018518518518518,7.0,540
brasil__s02,wikipedia_pt,brasil,2,,original,pt,0.544,38.46153846153846,5.180851063829787,238,453,79,488,19,3.510280373831776,0.1167883211678832,1.21875,0.0237226277372262,9.615384615384617,0.0200729927007299,1.4545454545454546,0.0456204379562043,13.2,0.1167883211678832,1.875,0.0656934306569343,3.138888888888889,0.1733576642335766,0.0291970802919708,2.125,0.0583941605839416,1.25,0.0273722627737226,5.333333333333333,0.0255474452554744,3.2857142857142856,0.010948905109489,2.6666666666666665,0.0127737226277372,1.4285714285714286,0.0237226277372262,3.5384615384615383,0.0474452554744525,5.384615384615385,0.0091240875912408,20.2,0.0036496350364963,2.0,0.0072992700729927,2.25,0.0218978102189781,4.416666666666667,1.375,0.1642335766423357,4.266666666666667,0.1532846715328467,1.7976190476190477,2.882978723404255,0.0784671532846715,9.0,2.4324324324324325,3.357142857142857,0.0894160583941605,5.081632653061225,0.0218978102189781,1.1666666666666667,0.0364963503649635,2.2,0.0054744525547445,3.333333333333333,548
universidade_federal_de_minas_gerais__s02,wikipedia_pt,universidade_federal_de_minas_gerais,2,,original,pt,0.542,31.25,5.601990049751244,225,450,92,488,20,3.740384615384616,0.1271028037383177,1.411764705882353,0.02803738317757,11.133333333333333,0.0336448598130841,1.7777777777777777,0.0560747663551401,6.333333333333333,0.108411214953271,1.827586206896552,0.0635514018691588,3.294117647058824,0.1420560747663551,0.02803738317757,2.4,0.0411214953271028,1.0454545454545454,0.0261682242990654,5.857142857142857,0.0242990654205607,11.153846153846152,0.0093457943925233,1.0,0.0149532710280373,4.25,0.0149532710280373,2.375,0.0336448598130841,7.0,0.0018691588785046,6.0,0.0074766355140186,2.0,0.005607476635514,2.0,0.0130841121495327,5.0,1.554054054054054,0.1308411214953271,4.628571428571429,0.1457943925233644,1.7435897435897436,6.064935064935065,0.0710280373831775,6.7105263157894735,1.0434782608695652,2.2222222222222223,0.1925233644859813,4.786407766990291,0.0242990654205607,1.5384615384615383,0.016822429906542,1.6666666666666667,,,535
história_da_inteligência_artificial__s01,wikipedia_pt,história_da_inteligência_artificial,1,,original,pt,0.57,29.41176470588235,5.869249394673124,241,462,65,488,19,3.520309477756286,0.1289719626168224,1.0869565217391304,0.0336448598130841,7.111111111111111,0.0261682242990654,1.3571428571428572,0.0392523364485981,7.476190476190476,0.1420560747663551,1.631578947368421,0.0822429906542056,3.113636363636364,0.1271028037383177,0.0355140186915887,2.0526315789473686,0.0710280373831775,1.131578947368421,0.0149532710280373,4.25,0.0355140186915887,3.3684210526315788,0.0261682242990654,2.571428571428572,0.0130841121495327,2.857142857142857,0.0299065420560747,2.125,0.0411214953271028,10.727272727272728,0.011214953271028,11.333333333333334,0.005607476635514,1.3333333333333333,0.0130841121495327,2.4285714285714284,0.011214953271028,7.666666666666667,1.1142857142857143,0.1906542056074766,4.970588235294118,0.1663551401869158,1.651685393258427,5.735294117647059,0.0747663551401869,6.65,2.075,2.125,0.0934579439252336,3.22,0.0130841121495327,1.1428571428571428,0.0299065420560747,1.8125,0.0074766355140186,5.5,535
aprendizado_por_reforço__s01,wikipedia_pt,aprendizado_por_reforço,1,,original,pt,0.408,33.333333333333336,4.918575063613232,174,401,172,457,75,3.9842829076620823,0.12,1.0158730158730158,0.0304761904761904,6.875,0.0285714285714285,2.533333333333333,0.0704761904761904,14.891891891891891,0.1485714285714285,1.4743589743589745,0.1276190476190476,2.7313432835820897,0.1771428571428571,0.0266666666666666,1.7857142857142858,0.0438095238095238,1.0,0.0285714285714285,4.066666666666666,0.0285714285714285,2.466666666666667,0.0133333333333333,1.8571428571428568,0.0152380952380952,2.375,0.0114285714285714,1.8333333333333333,0.0304761904761904,4.0,0.0076190476190476,4.5,0.0076190476190476,1.0,0.0133333333333333,4.142857142857143,0.0114285714285714,6.333333333333333,1.03125,0.2666666666666666,5.221428571428572,0.1619047619047619,1.5294117647058822,5.76595744680851,0.0761904761904762,6.125,1.2692307692307692,1.8333333333333333,0.0514285714285714,6.703703703703703,0.0209523809523809,1.0,0.0209523809523809,1.5454545454545454,0.0057142857142857,3.0,525
brasil__s00,wikipedia_pt,brasil,0,,original,pt,0.532,45.45454545454545,5.128065395095367,236,437,95,485,23,3.988593155893536,0.1214953271028037,1.1846153846153846,0.016822429906542,11.22222222222222,0.0317757009345794,2.0588235294117645,0.0504672897196261,14.074074074074074,0.1514018691588785,1.654320987654321,0.0822429906542056,4.409090909090909,0.1775700934579439,0.011214953271028,1.6666666666666667,0.0579439252336448,1.4193548387096775,0.0373831775700934,6.6,0.0186915887850467,7.0,0.0018691588785046,7.0,0.0186915887850467,2.5,0.022429906542056,3.083333333333333,0.0373831775700934,5.2,0.0074766355140186,13.25,0.011214953271028,2.333333333333333,0.0037383177570093,4.0,0.0037383177570093,4.5,1.2352941176470589,0.1364485981308411,6.780821917808219,0.1700934579439252,1.5934065934065933,5.347368421052631,0.0448598130841121,9.708333333333334,2.4285714285714284,3.0,0.1177570093457943,3.6984126984126986,0.0205607476635514,2.0,0.011214953271028,4.5,0.0018691588785046,7.0,535
brasil__s01,wikipedia_pt,brasil,1,,original,pt,0.548,38.46153846153846,5.242966751918159,249,456,72,491,14,4.121904761904762,0.1247672253258845,1.1791044776119404,0.0223463687150838,12.25,0.0260707635009311,2.2142857142857144,0.0428305400372439,16.652173913043477,0.1229050279329608,2.075757575757576,0.0651769087523277,3.0,0.1638733705772811,0.0167597765363128,1.5555555555555556,0.0782122905027933,1.1428571428571428,0.031657355679702,5.235294117647059,0.0260707635009311,5.428571428571429,0.0093109869646182,6.6,0.0111731843575419,2.6666666666666665,0.0223463687150838,3.0,0.0446927374301676,6.208333333333333,0.0130353817504655,20.428571428571427,0.0130353817504655,2.571428571428572,0.0093109869646182,2.6,0.0055865921787709,4.333333333333333,1.2987012987012987,0.1527001862197393,4.890243902439025,0.1545623836126629,2.0,4.488636363636363,0.0521415270018622,13.107142857142858,2.4565217391304346,3.0,0.1210428305400372,5.446153846153846,0.0242085661080074,2.076923076923077,0.0148975791433892,1.875,0.0093109869646182,6.0,537
inteligência_artificial__s00,wikipedia_pt,inteligência_artificial,0,,original,pt,0.51,38.46153846153846,5.537037037037037,223,429,106,474,38,4.302734375,0.1038461538461538,1.0,0.0153846153846153,17.25,0.0442307692307692,1.6521739130434785,0.0865384615384615,13.044444444444444,0.1096153846153846,1.5087719298245614,0.075,2.58974358974359,0.1942307692307692,0.0442307692307692,1.4782608695652173,0.0519230769230769,1.1851851851851851,0.0346153846153846,6.611111111111111,0.0346153846153846,6.333333333333333,0.0192307692307692,1.5,0.0269230769230769,2.071428571428572,0.0096153846153846,1.8,0.0365384615384615,4.2105263157894735,0.0076923076923076,7.75,0.0115384615384615,2.0,0.0115384615384615,2.1666666666666665,0.0115384615384615,4.5,1.0,0.225,7.478632478632479,0.1403846153846153,1.7397260273972603,5.257425742574258,0.0826923076923076,6.883720930232558,1.2903225806451613,1.8333333333333333,0.0653846153846153,2.823529411764706,0.0153846153846153,1.75,0.0153846153846153,1.0,0.0038461538461538,3.0,520
história_da_inteligência_artificial__s00,wikipedia_pt,história_da_inteligência_artificial,0,,original,pt,0.556,29.41176470588235,5.595794392523365,230,452,85,484,28,3.203960396039604,0.1548757170172084,1.0617283950617284,0.034416826003824,6.388888888888889,0.0363288718929254,1.5263157894736843,0.0554493307839388,7.862068965517241,0.1319311663479923,1.681159420289855,0.0803059273422562,2.6904761904761907,0.1147227533460803,0.0478011472275334,2.12,0.0535372848948374,1.0714285714285714,0.0133843212237093,5.571428571428571,0.0554493307839388,3.3793103448275863,0.0382409177820267,3.5,0.022944550669216,3.1666666666666665,0.011472275334608,1.1666666666666667,0.0420650095602294,5.545454545454546,0.0095602294455066,6.0,0.0038240917782026,3.5,0.017208413001912,2.4444444444444446,0.0133843212237093,3.571428571428572,1.072289156626506,0.2447418738049713,3.875,0.1644359464627151,1.825581395348837,5.366666666666666,0.1032504780114722,5.962962962962963,1.46875,1.2857142857142858,0.0325047801147227,2.8823529411764706,0.0133843212237093,1.7142857142857142,0.022944550669216,1.75,0.0133843212237093,5.571428571428571,523
ancestors__s00,woolf,ancestors,0,,original,eng,0.47,29.41176470588235,4.261501210653753,235,455,78,490,15,5.977911646586345,0.0536779324055666,1.8148148148148149,0.0099403578528827,14.6,0.0278330019880715,5.071428571428571,0.0417495029821073,9.952380952380953,0.0854870775347912,1.837209302325581,0.025844930417495,4.384615384615385,0.1709741550695825,0.0357852882703777,2.7777777777777777,0.0477137176938369,1.2916666666666667,0.0059642147117296,5.333333333333333,0.0854870775347912,3.186046511627907,0.0357852882703777,2.611111111111111,0.0079522862823061,4.0,0.0715705765407554,3.0,0.0497017892644135,5.36,0.0178926441351888,11.444444444444445,0.0218687872763419,2.272727272727273,0.0139165009940357,2.4285714285714284,0.0079522862823061,9.75,1.878787878787879,0.1232604373757455,5.354838709677419,0.0874751491053678,1.8636363636363635,11.569767441860463,0.1033797216699801,16.134615384615383,2.787878787878788,3.25,0.05168986083499,4.653846153846154,0.0576540755467196,1.7586206896551724,0.1292246520874751,2.4923076923076923,0.0218687872763419,3.363636363636364,503
happiness__s02,woolf,happiness,2,,original,eng,0.482,26.31578947368421,4.22636815920398,241,451,79,490,16,9.21818181818182,0.0557768924302788,1.2857142857142858,0.0139442231075697,16.285714285714285,0.0298804780876494,2.6,0.0577689243027888,16.517241379310345,0.0737051792828685,1.8108108108108107,0.0278884462151394,3.357142857142857,0.1912350597609561,0.0537848605577689,2.703703703703704,0.0338645418326693,1.411764705882353,0.0079681274900398,2.75,0.0876494023904382,4.0227272727272725,0.0298804780876494,8.666666666666666,0.0019920318725099,1.0,0.0617529880478087,2.5806451612903225,0.0418326693227091,13.952380952380953,0.0438247011952191,27.272727272727277,0.0139442231075697,1.5714285714285714,0.0079681274900398,2.25,0.0159362549800796,6.125,1.9666666666666663,0.1414342629482071,5.28169014084507,0.0756972111553784,1.763157894736842,15.958333333333334,0.1274900398406374,24.546875,3.28,5.689655172413793,0.0258964143426294,9.76923076923077,0.0438247011952191,5.2727272727272725,0.1414342629482071,3.5211267605633805,0.0239043824701195,10.25,502
lappin_and_lappinova__s00,woolf,lappin_and_lappinova,0,,original,eng,0.467065868263473,15.65625,4.296208530805687,234,432,110,480,35,6.782435129740519,0.0728346456692913,1.6216216216216215,0.0137795275590551,3.4285714285714284,0.0393700787401574,3.1,0.0531496062992126,14.962962962962964,0.076771653543307,2.1794871794871797,0.0255905511811023,4.384615384615385,0.1476377952755905,0.0314960629921259,1.6875,0.0433070866141732,1.318181818181818,0.0039370078740157,21.5,0.108267716535433,2.418181818181818,0.0314960629921259,3.625,0.0078740157480314,3.75,0.0649606299212598,2.0303030303030303,0.0393700787401574,3.4,0.0216535433070866,10.454545454545457,0.0236220472440944,3.0,0.0216535433070866,4.0,0.0059055118110236,3.0,1.7073170731707317,0.1417322834645669,6.097222222222222,0.0748031496062992,2.0526315789473686,14.213333333333331,0.1279527559055118,17.6,1.7777777777777777,4.178571428571429,0.0511811023622047,2.8846153846153846,0.0531496062992126,2.185185185185185,0.1200787401574803,2.459016393442623,0.0216535433070866,4.636363636363637,508
ancestors__s01,woolf,ancestors,1,,original,eng,0.464,31.25,4.226415094339623,232,455,78,493,10,5.221774193548387,0.0677290836653386,1.3823529411764706,0.0119521912350597,7.833333333333333,0.0537848605577689,3.7777777777777777,0.0597609561752988,9.966666666666669,0.0916334661354581,1.7826086956521738,0.0179282868525896,2.6666666666666665,0.147410358565737,0.0298804780876494,1.8666666666666667,0.0378486055776892,1.1578947368421053,0.0099601593625498,6.4,0.0856573705179282,2.2093023255813957,0.0338645418326693,2.5294117647058822,0.0059760956175298,5.666666666666667,0.0657370517928286,1.7878787878787878,0.0557768924302788,3.857142857142857,0.0278884462151394,13.285714285714286,0.0298804780876494,2.466666666666667,0.0199203187250996,4.9,0.0159362549800796,7.375,1.5789473684210529,0.1434262948207171,5.430555555555555,0.0876494023904382,1.75,9.62162162162162,0.1115537848605577,12.017857142857142,6.892857142857143,1.967741935483871,0.0278884462151394,2.642857142857143,0.0557768924302788,2.142857142857143,0.1235059760956175,2.5806451612903225,0.0219123505976095,3.1818181818181817,502
happiness__s01,woolf,happiness,1,,original,eng,0.4890219560878243,41.75,4.333333333333333,245,452,80,488,19,13.828629032258064,0.0678642714570858,1.3529411764705883,0.0099800399201596,3.2,0.0319361277445109,1.625,0.06187624750499,26.35483870967742,0.091816367265469,1.8695652173913044,0.0339321357285429,14.058823529411764,0.1576846307385229,0.06187624750499,4.806451612903226,0.0499001996007984,2.08,0.0019960079840319,5.0,0.0718562874251497,8.166666666666666,0.0339321357285429,17.294117647058822,0.0079840319361277,5.75,0.0698602794411177,14.685714285714283,0.0439121756487025,29.818181818181817,0.0319361277445109,42.8125,0.0099800399201596,2.0,0.0159680638722554,16.625,0.0099800399201596,7.6,1.4285714285714286,0.1437125748502994,16.375,0.1017964071856287,1.843137254901961,17.9125,0.1337325349301397,36.656716417910445,9.89655172413793,16.322580645161292,0.0199600798403193,18.7,0.0279441117764471,1.8571428571428568,0.1377245508982036,4.405797101449275,0.0279441117764471,20.785714285714285,501
happiness__s00,woolf,happiness,0,,original,eng,0.4510978043912175,23.857142857142858,4.180327868852459,226,440,97,487,22,5.512096774193548,0.0650887573964497,1.4545454545454546,0.0216962524654832,8.272727272727273,0.0355029585798816,3.4444444444444446,0.0571992110453648,11.689655172413794,0.0729783037475345,1.7297297297297298,0.0216962524654832,2.909090909090909,0.1439842209072978,0.0433925049309664,2.136363636363636,0.039447731755424,1.15,0.0019723865877712,3.0,0.1045364891518737,2.7358490566037736,0.039447731755424,2.2,0.0138067061143984,3.857142857142857,0.0670611439842209,1.7647058823529411,0.0453648915187376,3.391304347826087,0.029585798816568,9.6,0.0276134122287968,2.2857142857142856,0.0157790927021696,2.625,0.009861932938856,2.2,1.525,0.1203155818540434,5.60655737704918,0.0828402366863905,1.7142857142857142,10.216216216216216,0.136094674556213,13.36231884057971,2.739130434782609,1.935483870967742,0.0276134122287968,4.214285714285714,0.0532544378698224,2.0,0.1420118343195266,2.0,0.0216962524654832,3.0,507
a_haunted_house__s00,woolf,a_haunted_house,0,,original,eng,0.4471057884231537,13.916666666666666,4.09375,225,426,121,481,34,4.965092402464066,0.1077844311377245,1.1851851851851851,0.0279441117764471,11.642857142857142,0.0279441117764471,4.857142857142857,0.0359281437125748,8.222222222222221,0.0678642714570858,1.7647058823529411,0.0199600798403193,2.5,0.2235528942115768,0.0399201596806387,1.75,0.0139720558882235,1.7142857142857142,,,0.0958083832335329,2.2916666666666665,0.0119760479041916,2.333333333333333,0.0059880239520958,4.333333333333333,0.0678642714570858,3.088235294117647,0.0459081836327345,3.565217391304348,0.0219560878243512,8.090909090909092,0.0239520958083832,2.0,0.0079840319361277,1.25,0.0039920159680638,2.0,1.2142857142857142,0.1576846307385229,3.721518987341772,0.0698602794411177,1.8,6.567567567567568,0.1217564870259481,12.672131147540984,6.0,3.4054054054054053,,,0.06187624750499,1.6451612903225807,0.091816367265469,2.0217391304347827,0.0099800399201596,2.6,501
gipsy_the_mongrel__s01,woolf,gipsy_the_mongrel,1,,original,eng,0.4402390438247012,12.55,3.777239709443099,222,429,121,480,35,4.31198347107438,0.0896414342629482,1.3111111111111111,0.0358565737051792,5.166666666666667,0.0239043824701195,3.583333333333333,0.0199203187250996,14.6,0.0737051792828685,1.6756756756756757,0.0179282868525896,2.6666666666666665,0.1573705179282868,0.0717131474103585,1.6944444444444444,0.0239043824701195,1.0833333333333333,0.0059760956175298,5.333333333333333,0.095617529880478,1.8333333333333333,0.0258964143426294,1.6923076923076923,0.0059760956175298,2.0,0.0597609561752988,2.2666666666666666,0.045816733067729,4.043478260869565,0.0079681274900398,8.0,0.0258964143426294,1.9230769230769231,0.0099601593625498,2.6,0.0199203187250996,3.0,1.319148936170213,0.1394422310756972,4.8,0.0717131474103585,1.6666666666666667,8.367088607594937,0.1215139442231075,8.360655737704919,2.9444444444444446,2.862068965517241,0.0199203187250996,1.9,0.0677290836653386,1.6764705882352942,0.1633466135458167,1.951219512195122,0.0099601593625498,2.8,502
a_haunted_house__s02,woolf,a_haunted_house,2,,original,eng,0.489065606361829,12.897435897435898,4.376315789473685,246,417,122,470,47,5.152610441767068,0.1316306483300589,1.0895522388059702,0.0216110019646365,5.636363636363637,0.0235756385068762,2.0,0.0609037328094302,6.064516129032258,0.074656188605108,1.8421052631578947,0.0275049115913556,2.571428571428572,0.2416502946954813,0.0412573673870334,1.9047619047619049,0.0176817288801571,3.4444444444444446,0.005893909626719,4.666666666666667,0.0825147347740668,1.5952380952380951,0.0039292730844793,2.5,0.0039292730844793,1.0,0.0550098231827112,4.0,0.043222003929273,3.727272727272727,0.0176817288801571,7.555555555555555,0.0078585461689587,2.25,0.0098231827111984,1.6,0.0039292730844793,2.0,1.1029411764705883,0.1944990176817289,3.101010101010101,0.074656188605108,1.8421052631578947,6.8861788617886175,0.1473477406679764,12.733333333333333,3.7,3.931034482758621,0.0019646365422396,5.0,0.0137524557956778,1.7142857142857142,0.0628683693516699,2.15625,0.0019646365422396,4.0,509
gipsy_the_mongrel__s00,woolf,gipsy_the_mongrel,0,,original,eng,0.446215139442231,17.310344827586206,4.027027027027027,226,426,116,472,47,5.047131147540983,0.0894632206759443,1.4222222222222225,0.0298210735586481,4.733333333333333,0.0318091451292246,5.1875,0.0377733598409542,14.526315789473683,0.0656063618290258,1.7575757575757576,0.025844930417495,2.5384615384615383,0.1789264413518886,0.0536779324055666,2.0,0.025844930417495,1.1538461538461535,0.0079522862823061,4.0,0.125248508946322,2.3015873015873014,0.0198807157057654,2.7,0.0019880715705765,2.0,0.05168986083499,2.0384615384615383,0.0377733598409542,5.578947368421052,0.0139165009940357,6.571428571428571,0.0298210735586481,2.6666666666666665,0.0099403578528827,1.8,0.0139165009940357,2.857142857142857,1.58,0.1272365805168986,5.0625,0.0715705765407554,1.7222222222222223,9.076086956521738,0.1272365805168986,9.734375,5.526315789473684,2.625,0.0357852882703777,1.7222222222222223,0.0616302186878727,2.032258064516129,0.1391650099403578,2.185714285714285,0.0139165009940357,3.4285714285714284,503
a_haunted_house__s01,woolf,a_haunted_house,1,,original,eng,0.4661354581673306,13.210526315789474,4.247422680412371,234,411,138,471,50,4.846153846153846,0.1321499013806706,1.164179104477612,0.0256410256410256,8.461538461538462,0.0256410256410256,4.384615384615385,0.059171597633136,6.733333333333333,0.0808678500986193,2.1951219512195124,0.0216962524654832,2.727272727272727,0.2209072978303747,0.0355029585798816,1.6666666666666667,0.0157790927021696,3.75,0.0019723865877712,1.0,0.0848126232741617,2.046511627906977,0.0118343195266272,2.1666666666666665,0.0019723865877712,5.0,0.0631163708086785,3.5625,0.0512820512820512,3.576923076923077,0.0177514792899408,7.888888888888889,0.0177514792899408,1.8888888888888888,0.0118343195266272,1.6666666666666667,0.0019723865877712,2.0,1.1884057971014492,0.1834319526627219,3.505376344086021,0.0808678500986193,2.1951219512195124,6.238938053097345,0.126232741617357,12.0,5.05,3.742857142857143,0.0019723865877712,5.0,0.0355029585798816,1.6111111111111112,0.0611439842209073,2.3870967741935485,0.0078895463510848,2.75,507
ancestors__s02,woolf,ancestors,2,,original,eng,0.424,55.55555555555556,4.067915690866511,212,426,120,483,29,15.901606425702813,0.0737051792828685,1.2972972972972974,0.0079681274900398,3.25,0.0657370517928286,2.757575757575758,0.0717131474103585,39.11111111111112,0.0896414342629482,7.288888888888889,0.0179282868525896,20.0,0.1394422310756972,0.0358565737051792,20.22222222222222,0.0278884462151394,1.2142857142857142,0.0079681274900398,40.25,0.0876494023904382,2.159090909090909,0.0258964143426294,2.3076923076923075,0.0079681274900398,50.25,0.0756972111553784,5.684210526315789,0.0517928286852589,16.53846153846154,0.0258964143426294,50.0,0.0298804780876494,2.2666666666666666,0.0179282868525896,20.0,0.0258964143426294,71.6923076923077,1.2972972972972974,0.1294820717131474,19.23076923076923,0.0836653386454183,7.595238095238095,24.12676056338028,0.1035856573705179,54.26923076923077,21.41379310344828,6.0,0.0358565737051792,12.666666666666666,0.049800796812749,1.84,0.1374501992031872,5.173913043478261,0.0199203187250996,2.8,502
lappin_and_lappinova__s01,woolf,lappin_and_lappinova,1,,original,eng,0.4411177644710579,17.275862068965516,4.086075949367088,222,420,120,472,49,11.55666003976143,0.0729783037475345,1.4594594594594594,0.0078895463510848,17.25,0.0453648915187376,8.434782608695652,0.059171597633136,16.5,0.0532544378698224,3.259259259259259,0.009861932938856,5.2,0.2071005917159763,0.0433925049309664,2.0454545454545454,0.0374753451676528,1.105263157894737,0.0059171597633136,6.666666666666667,0.1084812623274161,3.0727272727272728,0.0276134122287968,2.571428571428572,0.0019723865877712,3.0,0.0473372781065088,2.125,0.0433925049309664,17.454545454545453,0.0256410256410256,11.692307692307692,0.0177514792899408,2.0,0.0059171597633136,2.333333333333333,0.009861932938856,8.4,4.82051282051282,0.1025641025641025,9.153846153846152,0.0571992110453648,3.1379310344827585,17.038095238095238,0.1183431952662721,41.06666666666667,4.46875,2.772727272727273,0.0532544378698224,4.0,0.0532544378698224,2.2222222222222223,0.136094674556213,2.6231884057971016,0.0216962524654832,2.8181818181818183,507
lappin_and_lappinova__s02,woolf,lappin_and_lappinova,2,,original,eng,0.4810379241516966,22.772727272727277,4.579069767441861,242,464,66,488,20,4.865191146881288,0.093069306930693,1.4893617021276595,0.0158415841584158,5.625,0.0435643564356435,2.863636363636364,0.0495049504950495,10.32,0.093069306930693,1.851063829787234,0.0297029702970297,2.7333333333333334,0.1326732673267326,0.0376237623762376,2.1578947368421053,0.0415841584158415,1.4761904761904765,0.0059405940594059,5.666666666666667,0.1029702970297029,2.269230769230769,0.0198019801980198,2.9,0.0059405940594059,3.0,0.0673267326732673,3.0,0.0514851485148514,4.615384615384615,0.0217821782178217,7.454545454545454,0.0198019801980198,1.9,0.0059405940594059,3.0,0.0059405940594059,5.333333333333333,1.5964912280701755,0.1465346534653465,5.4324324324324325,0.0871287128712871,2.022727272727273,9.313432835820896,0.1029702970297029,13.192307692307692,3.3870967741935485,3.117647058823529,0.0554455445544554,2.7142857142857144,0.0455445544554455,1.9130434782608696,0.1069306930693069,1.6666666666666667,0.0178217821782178,3.111111111111111,505
gipsy_the_mongrel__s02,woolf,gipsy_the_mongrel,2,,original,eng,0.4532803180914513,13.236842105263158,3.772609819121447,228,430,104,481,28,4.973251028806584,0.0833333333333333,1.1904761904761905,0.0376984126984126,11.105263157894736,0.0277777777777777,5.214285714285714,0.0257936507936507,18.46153846153846,0.0694444444444444,1.8571428571428568,0.0317460317460317,2.8125,0.2123015873015873,0.0535714285714285,2.111111111111111,0.0238095238095238,1.1666666666666667,0.0039682539682539,3.5,0.0912698412698412,2.369565217391304,0.0238095238095238,1.6666666666666667,0.0059523809523809,1.6666666666666667,0.0456349206349206,2.1739130434782608,0.0218253968253968,6.363636363636363,0.0158730158730158,5.125,0.0198412698412698,2.5,0.0099206349206349,1.6,0.0019841269841269,2.0,1.1904761904761905,0.1269841269841269,7.078125,0.0714285714285714,1.8333333333333333,6.407407407407407,0.115079365079365,12.0,2.4705882352941178,2.35,0.0376984126984126,2.263157894736842,0.0714285714285714,2.0,0.123015873015873,2.0806451612903225,0.0138888888888888,2.142857142857143,504
generative_artificial_intelligence__s01,wikipedia_eng,generative_artificial_intelligence,1,,original,eng,0.486,27.77777777777778,5.538860103626943,244,440,101,487,22,6.78125,0.0714285714285714,2.675675675675676,0.0115830115830115,11.666666666666666,0.027027027027027,2.857142857142857,0.0308880308880308,6.625,0.0984555984555984,2.411764705882353,0.0482625482625482,3.32,0.1737451737451737,0.0405405405405405,3.4285714285714284,0.1332046332046332,1.6376811594202898,0.0154440154440154,4.5,0.0289575289575289,5.8,0.0231660231660231,2.25,0.0193050193050193,2.1,0.0193050193050193,4.6,0.0424710424710424,6.363636363636363,0.0173745173745173,7.555555555555555,0.0038610038610038,4.5,0.0057915057915057,5.333333333333333,0.0038610038610038,18.0,2.675675675675676,0.2413127413127413,4.512,0.0984555984555984,2.176470588235294,9.444444444444445,0.0888030888030888,18.82608695652174,2.197183098591549,4.454545454545454,0.0289575289575289,2.2,0.0231660231660231,1.6666666666666667,0.0115830115830115,1.6666666666666667,0.0096525096525096,4.0,518
spaghetti_house_siege__s00,wikipedia_eng,spaghetti_house_siege,0,,original,eng,0.506,27.77777777777778,5.190361445783132,254,436,103,480,36,5.475442043222004,0.1081081081081081,1.9285714285714288,0.0173745173745173,7.555555555555555,0.0328185328185328,1.7058823529411764,0.0444015444015444,7.782608695652174,0.1003861003861003,2.4038461538461537,0.0444015444015444,4.217391304347826,0.1486486486486486,0.0308880308880308,1.75,0.0791505791505791,1.3170731707317074,0.0154440154440154,6.75,0.0501930501930501,4.307692307692308,0.0193050193050193,3.9,0.0077220077220077,2.5,0.0231660231660231,1.6666666666666667,0.0424710424710424,4.909090909090909,0.0057915057915057,8.666666666666666,0.0115830115830115,2.1666666666666665,0.0096525096525096,2.4,0.0096525096525096,3.6,1.9298245614035088,0.166023166023166,4.232558139534884,0.1042471042471042,2.425925925925926,8.805194805194805,0.0849420849420849,11.386363636363637,1.7727272727272727,2.090909090909091,0.1061776061776061,5.927272727272728,0.0405405405405405,1.5714285714285714,0.0347490347490347,1.5,0.0096525096525096,6.6,518
reinforcement_learning__s01,wikipedia_eng,reinforcement_learning,1,,original,eng,0.442,29.41176470588235,5.418224299065421,221,420,126,479,35,5.11,0.1039215686274509,1.7547169811320755,0.0196078431372549,11.2,0.0352941176470588,2.6666666666666665,0.0470588235294117,12.25,0.1,2.313725490196078,0.0431372549019607,3.727272727272727,0.1274509803921568,0.0352941176470588,2.611111111111111,0.0784313725490196,1.65,0.0039215686274509,3.5,0.0431372549019607,1.5909090909090908,0.0274509803921568,2.7142857142857144,,,0.0294117647058823,2.2666666666666666,0.0549019607843137,4.857142857142857,0.0078431372549019,19.25,0.0137254901960784,2.2857142857142856,0.0156862745098039,2.0,0.0156862745098039,3.625,1.7547169811320755,0.2941176470588235,3.773333333333333,0.1,2.215686274509804,9.692307692307692,0.088235294117647,12.0,7.155555555555556,2.3846153846153846,0.0117647058823529,2.0,0.0529411764705882,1.6666666666666667,0.0274509803921568,1.4285714285714286,0.0117647058823529,4.833333333333333,510
artificial_intelligence__s02,wikipedia_eng,artificial_intelligence,2,,original,eng,0.4111776447105788,26.36842105263158,4.955958549222798,207,426,120,481,30,4.792490118577075,0.0907335907335907,1.425531914893617,0.0231660231660231,7.0,0.0347490347490347,1.9444444444444444,0.0366795366795366,9.526315789473683,0.0637065637065637,2.303030303030303,0.025096525096525,3.4615384615384617,0.2065637065637065,0.0463320463320463,1.9583333333333333,0.0579150579150579,1.4333333333333331,0.0096525096525096,5.0,0.0772200772200772,2.525,0.025096525096525,1.7692307692307692,0.0096525096525096,5.2,0.0386100386100386,2.1,0.0328185328185328,4.294117647058823,0.0193050193050193,4.7,0.0231660231660231,1.5,0.0096525096525096,2.2,0.0289575289575289,4.933333333333334,1.425531914893617,0.1949806949806949,4.435643564356436,0.0656370656370656,2.3823529411764706,6.158878504672897,0.1042471042471042,7.388888888888889,3.1707317073170733,2.125,0.0019305019305019,1.0,0.0675675675675675,1.4,0.0598455598455598,3.0,0.0154440154440154,2.5,518
spaghetti_house_siege__s02,wikipedia_eng,spaghetti_house_siege,2,,original,eng,0.522,20.83333333333333,4.496221662468514,261,454,74,487,19,5.045454545454546,0.0949612403100775,1.2653061224489797,0.0193798449612403,5.6,0.0213178294573643,2.090909090909091,0.0290697674418604,6.333333333333333,0.0949612403100775,1.959183673469388,0.0329457364341085,2.9411764705882355,0.1550387596899224,0.0406976744186046,1.7142857142857142,0.0116279069767441,1.0,0.0077519379844961,2.75,0.0775193798449612,2.1,0.0348837209302325,2.833333333333333,0.003875968992248,2.5,0.0348837209302325,1.8888888888888888,0.0562015503875969,4.275862068965517,0.0193798449612403,6.6,0.0116279069767441,2.333333333333333,0.0116279069767441,2.833333333333333,0.0116279069767441,5.0,1.2549019607843137,0.1724806201550387,3.426966292134832,0.1085271317829457,1.875,9.125,0.1124031007751938,9.879310344827584,8.272727272727273,1.9444444444444444,0.0562015503875969,2.586206896551724,0.0542635658914728,1.5357142857142858,0.0755813953488372,1.9743589743589745,0.0232558139534883,3.75,516
artificial_intelligence__s00,wikipedia_eng,artificial_intelligence,0,,original,eng,0.5207920792079208,26.57894736842105,5.692098092643052,263,452,71,487,19,4.387878787878788,0.0334645669291338,1.411764705882353,0.0255905511811023,8.0,0.0551181102362204,1.5,0.0944881889763779,6.5,0.0787401574803149,1.7,0.0393700787401574,3.55,0.2165354330708661,0.0354330708661417,2.2777777777777777,0.0787401574803149,1.275,0.0118110236220472,4.0,0.0413385826771653,3.380952380952381,0.0216535433070866,2.1818181818181817,0.0137795275590551,2.7142857142857144,0.0374015748031496,2.789473684210526,0.0334645669291338,4.235294117647059,0.0157480314960629,9.625,0.0039370078740157,2.0,0.0137795275590551,1.5714285714285714,0.0098425196850393,4.4,1.411764705882353,0.2381889763779527,4.396694214876033,0.076771653543307,1.8205128205128205,4.6,0.0905511811023622,6.760869565217392,1.3555555555555556,2.7777777777777777,0.0570866141732283,2.413793103448276,0.0255905511811023,1.3076923076923077,0.0216535433070866,1.5454545454545454,0.0078740157480314,4.25,508
black_power__s01,wikipedia_eng,black_power,1,,original,eng,0.528,33.333333333333336,4.872122762148337,264,444,94,477,39,6.185909980430528,0.0733590733590733,1.763157894736842,0.0135135135135135,11.428571428571429,0.0231660231660231,2.9166666666666665,0.0308880308880308,8.5625,0.0907335907335907,2.106382978723404,0.0521235521235521,5.481481481481482,0.1872586872586872,0.0444015444015444,2.260869565217391,0.0772200772200772,1.35,0.0212355212355212,3.909090909090909,0.0559845559845559,4.275862068965517,0.0424710424710424,1.5909090909090908,0.0135135135135135,3.857142857142857,0.0308880308880308,1.9375,0.0308880308880308,6.5625,0.0135135135135135,9.714285714285714,0.0193050193050193,2.7,0.0115830115830115,1.8333333333333333,0.0057915057915057,2.6666666666666665,1.763157894736842,0.1447876447876447,5.773333333333333,0.0868725868725868,2.088888888888889,10.3125,0.0888030888030888,13.956521739130435,1.4761904761904765,1.8666666666666667,0.1274131274131274,4.727272727272728,0.0347490347490347,2.2222222222222223,0.0444015444015444,2.260869565217391,0.0115830115830115,3.1666666666666665,518
artificial_intelligence__s01,wikipedia_eng,artificial_intelligence,1,,original,eng,0.524,26.31578947368421,5.727513227513228,263,466,53,494,8,7.243137254901961,0.0598455598455598,1.7419354838709675,0.0154440154440154,6.25,0.0501930501930501,1.4230769230769231,0.0752895752895752,11.256410256410255,0.0791505791505791,2.1707317073170733,0.0424710424710424,3.227272727272727,0.1969111969111969,0.0521235521235521,5.25925925925926,0.0752895752895752,1.4102564102564104,0.0038610038610038,3.0,0.0617760617760617,4.875,0.0212355212355212,1.4545454545454546,0.0135135135135135,6.0,0.0193050193050193,1.9,0.027027027027027,4.5,0.0193050193050193,5.7,0.0096525096525096,1.8,0.0115830115830115,2.5,0.0173745173745173,3.7777777777777777,1.7419354838709675,0.2606177606177606,7.525925925925926,0.0752895752895752,2.2051282051282053,10.18627450980392,0.1003861003861003,12.346153846153848,1.6458333333333333,1.9,0.0135135135135135,2.142857142857143,0.0347490347490347,2.7222222222222223,0.0328185328185328,1.8823529411764703,0.0115830115830115,1.8333333333333333,518
black_power__s02,wikipedia_eng,black_power,2,,original,eng,0.458,26.31578947368421,5.041975308641975,229,419,131,468,54,6.6,0.0744274809160305,2.2051282051282053,0.0171755725190839,9.22222222222222,0.032442748091603,2.647058823529412,0.0458015267175572,6.083333333333333,0.0858778625954198,2.488888888888889,0.049618320610687,4.269230769230769,0.1622137404580152,0.0286259541984732,2.466666666666667,0.1106870229007633,1.7758620689655171,0.0038167938931297,2.0,0.0687022900763358,6.083333333333333,0.0419847328244274,3.772727272727273,0.0095419847328244,4.4,0.032442748091603,4.588235294117647,0.0248091603053435,6.230769230769231,0.0076335877862595,11.0,0.0305343511450381,4.0,0.0038167938931297,3.5,0.0057251908396946,4.666666666666667,2.2,0.1965648854961832,6.786407766990291,0.0839694656488549,2.340909090909091,12.235294117647058,0.0687022900763358,14.38888888888889,3.967741935483871,4.090909090909091,0.08206106870229,4.651162790697675,0.0477099236641221,3.08,0.0362595419847328,2.0526315789473686,0.0267175572519083,5.214285714285714,524
generative_artificial_intelligence__s02,wikipedia_eng,generative_artificial_intelligence,2,,original,eng,0.51,31.25,5.494505494505495,256,448,78,492,12,5.488888888888889,0.0649606299212598,2.121212121212121,0.0255905511811023,5.461538461538462,0.0275590551181102,1.5714285714285714,0.0452755905511811,5.782608695652174,0.1102362204724409,2.375,0.0570866141732283,3.586206896551724,0.1850393700787401,0.0452755905511811,2.217391304347826,0.0787401574803149,1.65,0.0118110236220472,2.833333333333333,0.0413385826771653,3.619047619047619,0.0177165354330708,3.555555555555556,0.0059055118110236,1.6666666666666667,0.0314960629921259,3.6875,0.0433070866141732,6.590909090909091,0.0196850393700787,16.2,0.0019685039370078,3.0,,,0.0039370078740157,2.5,2.121212121212121,0.1574803149606299,4.3375,0.1043307086614173,2.358490566037736,6.989473684210527,0.0826771653543307,14.071428571428571,2.255813953488372,3.6875,0.1358267716535433,2.4782608695652173,0.0137795275590551,1.7142857142857142,0.0078740157480314,2.25,0.0177165354330708,3.555555555555556,508
generative_artificial_intelligence__s00,wikipedia_eng,generative_artificial_intelligence,0,,original,eng,0.512,33.333333333333336,5.415929203539823,256,440,83,491,13,7.285148514851485,0.044921875,1.4782608695652173,0.013671875,8.428571428571429,0.037109375,1.5263157894736843,0.0859375,12.068181818181818,0.080078125,2.5121951219512195,0.05078125,4.346153846153846,0.25,0.03515625,2.111111111111111,0.080078125,1.2195121951219512,0.013671875,3.857142857142857,0.025390625,5.615384615384615,0.015625,1.625,0.005859375,1.0,0.017578125,1.7777777777777777,0.025390625,5.769230769230769,0.015625,6.125,0.00390625,3.0,0.00390625,1.5,0.005859375,2.6666666666666665,1.4782608695652173,0.22265625,7.078947368421052,0.078125,2.9,5.984375,0.0703125,13.25,1.2857142857142858,1.7777777777777777,0.06640625,5.117647058823529,0.029296875,1.5333333333333334,0.021484375,1.6363636363636365,0.0078125,2.25,512
reinforcement_learning__s02,wikipedia_eng,reinforcement_learning,2,,original,eng,0.4550898203592814,26.36842105263158,5.308252427184466,228,428,111,480,33,4.865346534653465,0.1009708737864077,1.8461538461538465,0.0194174757281553,9.3,0.0233009708737864,3.5,0.0349514563106796,11.055555555555555,0.0951456310679611,2.0816326530612246,0.0349514563106796,3.055555555555556,0.1514563106796116,0.0388349514563106,2.9,0.0679611650485436,1.6571428571428573,0.0077669902912621,3.25,0.0466019417475728,1.75,0.0349514563106796,2.6666666666666665,0.0058252427184466,3.333333333333333,0.033009708737864,2.823529411764706,0.058252427184466,4.8,0.0116504854368932,11.666666666666666,0.0116504854368932,1.6666666666666667,0.0135922330097087,2.2857142857142856,0.0155339805825242,2.75,1.8461538461538465,0.2699029126213592,3.712230215827338,0.0932038834951456,2.0625,8.256410256410257,0.1009708737864077,10.461538461538462,5.641025641025641,3.0,0.0097087378640776,2.2,0.0543689320388349,1.5714285714285714,0.0310679611650485,1.5,0.0135922330097087,5.142857142857143,515
reinforcement_learning__s00,wikipedia_eng,reinforcement_learning,0,,original,eng,0.444,29.41176470588235,5.6912114014251785,222,432,113,484,26,5.559288537549407,0.0817120622568093,1.9285714285714288,0.0155642023346303,10.125,0.0389105058365758,2.75,0.0486381322957198,10.4,0.0972762645914396,2.42,0.0505836575875486,4.1923076923076925,0.1420233463035019,0.0350194552529182,2.7222222222222223,0.0856031128404669,1.681818181818182,0.0058365758754863,3.0,0.0447470817120622,1.826086956521739,0.0311284046692607,2.25,0.0058365758754863,4.333333333333333,0.0252918287937743,2.076923076923077,0.046692607003891,4.916666666666667,0.0077821011673151,15.0,0.0194552529182879,2.4,0.0097276264591439,3.0,0.0136186770428015,3.857142857142857,1.9285714285714288,0.311284046692607,3.73125,0.0972762645914396,2.32,9.73972602739726,0.0797665369649805,12.78048780487805,6.916666666666667,2.363636363636364,0.0116731517509727,2.0,0.0447470817120622,1.8695652173913044,0.0272373540856031,1.3571428571428572,0.0175097276264591,2.888888888888889,514
spaghetti_house_siege__s01,wikipedia_eng,spaghetti_house_siege,1,,original,eng,0.468,29.41176470588235,4.459948320413437,235,421,125,483,29,5.112204724409449,0.1233140655105973,1.421875,0.0211946050096339,11.0,0.02504816955684,3.5384615384615383,0.0327552986512524,10.117647058823527,0.0828516377649325,1.976744186046512,0.0443159922928709,2.9565217391304346,0.1907514450867052,0.02504816955684,2.230769230769231,0.0346820809248554,1.1666666666666667,0.0134874759152215,4.285714285714286,0.0597302504816955,3.741935483870968,0.0366088631984585,3.3684210526315788,0.0096339113680154,3.8,0.0327552986512524,1.6470588235294117,0.0385356454720616,4.55,0.0096339113680154,12.0,0.0211946050096339,3.0,0.0134874759152215,2.0,0.0096339113680154,5.0,1.421875,0.1368015414258188,5.507042253521127,0.0867052023121387,1.9333333333333331,6.262626262626263,0.0905587668593449,11.23404255319149,2.0434782608695654,1.75,0.0751445086705202,3.3846153846153846,0.0520231213872832,2.259259259259259,0.048169556840077,2.48,0.0231213872832369,4.75,519
black_power__s00,wikipedia_eng,black_power,0,,original,eng,0.504,50.0,5.194444444444445,252,442,90,487,22,5.225242718446602,0.0647619047619047,1.7941176470588236,0.019047619047619,13.3,0.0323809523809523,2.176470588235294,0.0457142857142857,6.083333333333333,0.1047619047619047,2.4545454545454546,0.0571428571428571,4.833333333333333,0.2209523809523809,0.0266666666666666,3.357142857142857,0.1028571428571428,1.4444444444444444,0.0133333333333333,1.8571428571428568,0.0285714285714285,2.8666666666666667,0.0266666666666666,1.7142857142857142,0.0057142857142857,4.0,0.0114285714285714,15.166666666666666,0.04,10.666666666666666,0.019047619047619,7.4,0.0095238095238095,2.6,0.0057142857142857,1.6666666666666667,0.0114285714285714,2.333333333333333,1.7941176470588236,0.1485714285714285,5.730769230769231,0.0952380952380952,2.48,5.905172413793103,0.0761904761904762,8.2,1.6153846153846154,12.625,0.1085714285714285,3.333333333333333,0.0266666666666666,2.142857142857143,0.0323809523809523,2.0,0.0152380952380952,2.25,525
um_dia_a_menos__s01,lispector,um_dia_a_menos,1,,original,pt,0.482,15.625,4.4373522458628845,209,444,96,485,25,3.8415841584158414,0.1121495327102803,1.1166666666666667,0.0560747663551401,4.833333333333333,0.0504672897196261,2.2222222222222223,0.0635514018691588,4.617647058823529,0.0841121495327102,1.8222222222222224,0.022429906542056,2.6666666666666665,0.1551401869158878,0.0448598130841121,2.083333333333333,0.0242990654205607,1.3846153846153846,0.0074766355140186,3.5,0.0355140186915887,2.526315789473684,0.0467289719626168,3.04,0.0074766355140186,2.75,0.0841121495327102,2.355555555555556,0.0560747663551401,3.3,0.0242990654205607,7.846153846153846,0.0299065420560747,2.0625,0.0093457943925233,1.6,0.016822429906542,3.888888888888889,1.1451612903225807,0.1626168224299065,3.4827586206896552,0.1102803738317757,2.016949152542373,8.421686746987952,0.1046728971962616,5.125,3.333333333333333,2.6346153846153846,0.0149532710280373,1.625,0.0336448598130841,1.9444444444444444,0.0672897196261682,2.0277777777777777,0.0299065420560747,2.9375,535
miss_algrave__s01,lispector,miss_algrave,1,,original,pt,0.552,9.433962264150944,4.555023923444976,244,468,54,498,0,3.096707818930041,0.1263940520446096,1.1029411764705883,0.0966542750929368,3.0384615384615383,0.0278810408921933,1.8,0.0260223048327137,7.142857142857143,0.1059479553903345,1.631578947368421,0.0353159851301115,2.3684210526315788,0.1431226765799256,0.0743494423791821,1.925,0.020446096654275,1.2727272727272727,0.0055762081784386,3.333333333333333,0.0390334572490706,2.2857142857142856,0.0315985130111524,1.9411764705882355,0.0074349442379182,2.5,0.0650557620817843,1.6857142857142855,0.053903345724907,3.827586206896552,0.0241635687732342,5.076923076923077,0.0185873605947955,1.4,0.0185873605947955,2.4,0.0111524163568773,2.6666666666666665,1.1267605633802815,0.1765799256505576,2.8,0.1245353159851301,1.5970149253731345,5.779220779220779,0.1524163568773234,4.158536585365853,2.1,1.6578947368421053,0.037174721189591,2.45,0.0260223048327137,1.5,0.0464684014869888,1.4,0.0148698884758364,2.5,538
brasilia__s00,lispector,brasilia,0,,original,pt,0.524,12.195121951219512,4.710588235294118,221,450,82,493,10,3.189189189189189,0.117533718689788,1.1311475409836065,0.0732177263969171,3.763157894736842,0.0404624277456647,2.0476190476190474,0.0539499036608863,5.0,0.0789980732177264,1.6097560975609757,0.0231213872832369,3.083333333333333,0.1387283236994219,0.0366088631984585,1.894736842105263,0.0269749518304431,1.3571428571428572,0.0038535645472061,7.0,0.0655105973025048,2.0588235294117645,0.0423892100192678,2.0,0.0077071290944123,2.0,0.0578034682080924,1.4666666666666666,0.0385356454720616,3.25,0.0269749518304431,4.071428571428571,0.0404624277456647,1.809523809523809,0.0096339113680154,2.4,0.0115606936416184,5.0,1.1290322580645162,0.1599229287090559,3.180722891566265,0.0963391136801541,1.56,6.222222222222222,0.1271676300578034,4.303030303030303,2.8125,1.6111111111111112,0.0385356454720616,2.55,0.0616570327552986,1.65625,0.0500963391136801,2.269230769230769,0.0289017341040462,2.1333333333333333,519
o_corpo__s02,lispector,o_corpo,2,,original,pt,0.47,7.936507936507937,4.458227848101266,198,427,105,481,31,3.129979035639413,0.1,1.1132075471698113,0.1,3.0943396226415096,0.0452830188679245,2.5,0.0433962264150943,5.782608695652174,0.0943396226415094,1.6,0.0188679245283018,2.6,0.1962264150943396,0.0490566037735849,2.230769230769231,0.0264150943396226,1.2857142857142858,0.0018867924528301,2.0,0.0584905660377358,1.5483870967741935,0.0245283018867924,1.5384615384615383,0.0094339622641509,1.2,0.0433962264150943,2.1739130434782608,0.0566037735849056,3.433333333333333,0.0094339622641509,3.4,0.0245283018867924,1.1538461538461535,0.0132075471698113,1.2857142857142858,0.0094339622641509,2.4,1.1132075471698113,0.1245283018867924,3.363636363636364,0.1,1.5660377358490567,4.759615384615385,0.1471698113207547,3.4615384615384617,2.739130434782609,2.6206896551724137,0.0452830188679245,1.875,0.0452830188679245,1.3333333333333333,0.0528301886792452,1.3214285714285714,0.020754716981132,1.6363636363636365,530
o_corpo__s01,lispector,o_corpo,1,,original,pt,0.514,9.803921568627452,4.541062801932367,212,447,90,489,18,3.134020618556701,0.112781954887218,1.1,0.0883458646616541,4.0212765957446805,0.0469924812030075,2.72,0.037593984962406,4.5,0.1165413533834586,1.596774193548387,0.0300751879699248,2.3125,0.1447368421052631,0.056390977443609,1.9666666666666663,0.0169172932330827,1.1111111111111112,,,0.056390977443609,2.433333333333333,0.0281954887218045,2.466666666666667,0.0112781954887218,1.5,0.0488721804511278,1.5769230769230769,0.0827067669172932,3.340909090909091,0.0169172932330827,5.222222222222222,0.0169172932330827,2.2222222222222223,0.0112781954887218,1.3333333333333333,0.0093984962406015,3.6,1.0952380952380951,0.1597744360902255,3.0352941176470587,0.1353383458646616,1.6527777777777777,5.259740259740259,0.1522556390977443,4.197530864197531,2.071428571428572,1.6333333333333333,0.0413533834586466,2.363636363636364,0.018796992481203,2.5,0.0601503759398496,1.59375,0.018796992481203,2.9,532
o_corpo__s00,lispector,o_corpo,0,,original,pt,0.466,9.615384615384617,4.476303317535545,198,436,105,487,20,3.006423982869379,0.1042471042471042,1.2407407407407407,0.0984555984555984,3.549019607843137,0.0463320463320463,1.625,0.0424710424710424,3.909090909090909,0.0984555984555984,1.568627450980392,0.0463320463320463,2.708333333333333,0.1409266409266409,0.0405405405405405,2.142857142857143,0.0289575289575289,1.4,0.0077220077220077,3.75,0.0675675675675675,2.4571428571428573,0.0193050193050193,3.4,0.0057915057915057,1.0,0.0444015444015444,1.434782608695652,0.0482625482625482,2.92,0.0115830115830115,4.166666666666667,0.0366795366795366,1.5789473684210529,0.0038610038610038,1.0,0.0096525096525096,2.8,1.2280701754385963,0.166023166023166,2.941860465116279,0.1158301158301158,1.7166666666666666,5.260273972602739,0.1177606177606177,3.459016393442623,2.821428571428572,1.434782608695652,0.0501930501930501,2.269230769230769,0.0444015444015444,1.4782608695652173,0.0521235521235521,1.7407407407407407,0.0135135135135135,4.0,518
a_bela_e_a_fera_ou_a_ferida_grande_demais__s00,lispector,a_bela_e_a_fera_ou_a_ferida_grande_demais,0,,original,pt,0.5358565737051793,13.944444444444445,4.330073349633252,232,474,48,495,10,3.451097804391217,0.1188679245283018,1.1428571428571428,0.0547169811320754,3.827586206896552,0.0452830188679245,3.208333333333333,0.0452830188679245,6.125,0.1056603773584905,1.625,0.0471698113207547,2.64,0.1566037735849056,0.0433962264150943,2.130434782608696,0.0245283018867924,1.0,0.0018867924528301,10.0,0.0415094339622641,2.772727272727273,0.0358490566037735,2.6842105263157894,0.0056603773584905,1.3333333333333333,0.0547169811320754,1.9655172413793105,0.0490566037735849,3.692307692307693,0.0264150943396226,7.357142857142857,0.0396226415094339,1.5714285714285714,0.0132075471698113,1.7142857142857142,0.0132075471698113,4.714285714285714,1.390625,0.1528301886792452,3.135802469135802,0.1226415094339622,1.6307692307692307,6.4523809523809526,0.120754716981132,4.890625,2.571428571428572,2.032258064516129,0.0132075471698113,2.857142857142857,0.0433962264150943,1.5217391304347827,0.0792452830188679,2.2142857142857144,0.020754716981132,3.4545454545454546,530
brasilia__s01,lispector,brasilia,1,,original,pt,0.498,10.869565217391305,4.3375,207,429,113,486,24,3.376321353065539,0.1189083820662768,1.1967213114754098,0.0779727095516569,4.95,0.0194931773879142,1.3,0.023391812865497,5.833333333333333,0.0916179337231968,1.5106382978723405,0.0272904483430799,2.642857142857143,0.1929824561403508,0.0584795321637426,1.7333333333333334,0.0253411306042884,1.3076923076923077,0.0116959064327485,3.6666666666666665,0.0584795321637426,3.2,0.0194931773879142,1.9,0.0019493177387914,1.0,0.0721247563352826,1.8108108108108107,0.0604288499025341,3.806451612903226,0.023391812865497,5.666666666666667,0.0253411306042884,1.5384615384615383,0.0116959064327485,2.0,0.0194931773879142,6.1,1.2063492063492065,0.1442495126705653,3.256756756756757,0.0955165692007797,1.530612244897959,5.03030303030303,0.1228070175438596,5.285714285714286,2.1904761904761907,2.533333333333333,0.0292397660818713,3.8,0.0448343079922027,1.434782608695652,0.0779727095516569,2.35,0.0175438596491228,1.6666666666666667,513
brasilia__s02,lispector,brasilia,2,,original,pt,0.53,10.0,4.3075,232,428,108,484,24,3.5104166666666665,0.1134615384615384,1.1864406779661016,0.0769230769230769,4.0,0.0192307692307692,2.2,0.025,6.769230769230769,0.0711538461538461,1.891891891891892,0.0192307692307692,4.3,0.1826923076923076,0.0519230769230769,1.6666666666666667,0.0307692307692307,1.0625,0.0076923076923076,6.75,0.0634615384615384,2.515151515151515,0.0173076923076923,3.111111111111111,0.0115384615384615,3.8333333333333335,0.0807692307692307,1.9047619047619049,0.0442307692307692,3.869565217391304,0.0038461538461538,10.5,0.023076923076923,1.75,0.0173076923076923,1.4444444444444444,0.025,4.6923076923076925,1.1833333333333331,0.1346153846153846,3.7857142857142856,0.0788461538461538,1.975609756097561,5.936842105263158,0.1192307692307692,4.951612903225806,2.0,1.9285714285714288,0.0461538461538461,3.125,0.0442307692307692,2.130434782608696,0.0653846153846153,1.6470588235294117,0.0192307692307692,1.7,520
a_bela_e_a_fera_ou_a_ferida_grande_demais__s02,lispector,a_bela_e_a_fera_ou_a_ferida_grande_demais,2,,original,pt,0.5089820359281437,12.525,4.524630541871921,212,462,71,493,12,3.307377049180328,0.099236641221374,1.1730769230769231,0.0687022900763358,3.9444444444444446,0.0400763358778625,1.809523809523809,0.0419847328244274,6.2727272727272725,0.0667938931297709,1.6285714285714286,0.0190839694656488,2.8,0.1717557251908397,0.0458015267175572,1.7083333333333333,0.032442748091603,1.4705882352941178,0.0057251908396946,5.0,0.0648854961832061,2.117647058823529,0.0515267175572519,2.4444444444444446,0.015267175572519,1.125,0.0667938931297709,2.085714285714286,0.0381679389312977,3.25,0.0229007633587786,5.333333333333333,0.0362595419847328,1.947368421052632,0.0286259541984732,1.5333333333333334,0.0114503816793893,2.833333333333333,1.1730769230769231,0.1507633587786259,3.1265822784810124,0.0896946564885496,1.893617021276596,5.755555555555556,0.1564885496183206,4.451219512195122,1.7692307692307692,2.108108108108108,0.0133587786259541,3.0,0.0419847328244274,2.0,0.0744274809160305,1.5384615384615383,0.0362595419847328,2.3157894736842106,524
um_dia_a_menos__s02,lispector,um_dia_a_menos,2,,original,pt,0.556,12.82051282051282,4.7601918465227815,233,462,63,491,12,3.5130260521042085,0.1205273069679849,1.234375,0.0602636534839924,3.625,0.0376647834274952,3.1,0.0433145009416195,7.391304347826087,0.0903954802259887,1.6666666666666667,0.0357815442561205,2.5789473684210527,0.1450094161958568,0.0734463276836158,1.794871794871795,0.0338983050847457,1.3333333333333333,0.007532956685499,4.5,0.0338983050847457,1.8888888888888888,0.0414312617702448,2.272727272727273,0.0037664783427495,3.0,0.0602636534839924,2.34375,0.0564971751412429,3.7666666666666666,0.0357815442561205,6.7368421052631575,0.0150659133709981,1.875,0.0207156308851224,1.6363636363636365,0.0131826741996233,3.571428571428572,1.2794117647058822,0.1770244821092278,2.978723404255319,0.1129943502824858,1.6666666666666667,6.987012987012987,0.1525423728813559,5.037037037037037,1.9166666666666667,2.3076923076923075,0.0131826741996233,3.0,0.0301318267419962,1.4375,0.0564971751412429,2.1333333333333333,0.0263653483992467,2.4285714285714284,531
um_dia_a_menos__s00,lispector,um_dia_a_menos,0,,original,pt,0.51,10.869565217391305,4.546987951807229,225,461,68,490,16,3.3811475409836067,0.107750472589792,1.263157894736842,0.0775047258979206,3.414634146341464,0.0321361058601134,2.647058823529412,0.0321361058601134,6.352941176470588,0.0775047258979206,1.7560975609756098,0.0396975425330812,3.0476190476190474,0.1436672967863894,0.0378071833648393,2.15,0.0434782608695652,1.173913043478261,0.0094517958412098,3.6,0.0378071833648393,3.25,0.0434782608695652,3.0869565217391304,0.0113421550094517,2.333333333333333,0.0982986767485822,2.25,0.0321361058601134,3.647058823529412,0.0170132325141776,6.888888888888889,0.0340264650283553,1.8888888888888888,0.0094517958412098,3.6,0.0113421550094517,7.0,1.271186440677966,0.1531190926275992,3.8395061728395055,0.1001890359168242,1.849056603773585,5.934210526315789,0.1115311909262759,4.694915254237288,1.90625,2.278688524590164,0.0245746691871455,2.230769230769231,0.052930056710775,2.0357142857142856,0.0623818525519848,2.0,0.0302457466918714,2.6875,529
miss_algrave__s00,lispector,miss_algrave,0,,original,pt,0.566,10.416666666666666,4.655502392344498,239,471,48,496,4,3.101449275362319,0.1075471698113207,1.105263157894737,0.0886792452830188,4.48936170212766,0.0415094339622641,2.5,0.0320754716981132,3.882352941176471,0.1150943396226415,1.5737704918032789,0.030188679245283,2.3125,0.1396226415094339,0.0566037735849056,1.5666666666666669,0.0339622641509433,1.2777777777777777,0.0075471698113207,2.25,0.0396226415094339,2.619047619047619,0.0320754716981132,1.8235294117647056,0.0037735849056603,1.0,0.060377358490566,1.59375,0.0698113207547169,3.6486486486486487,0.0320754716981132,6.235294117647059,0.030188679245283,1.25,0.0113207547169811,1.3333333333333333,0.0075471698113207,4.0,1.105263157894737,0.1679245283018867,3.02247191011236,0.1283018867924528,1.6323529411764706,5.405405405405405,0.1320754716981132,4.557142857142857,2.533333333333333,1.6285714285714286,0.0377358490566037,2.15,0.0433962264150943,1.2173913043478262,0.0547169811320754,1.9310344827586208,0.020754716981132,1.6363636363636365,530
miss_algrave__s02,lispector,miss_algrave,2,,original,pt,0.5129740518962076,8.491525423728813,4.304123711340206,218,446,90,488,19,3.180873180873181,0.0996168582375478,1.2307692307692308,0.0785440613026819,4.073170731707317,0.0344827586206896,3.111111111111111,0.0363984674329501,5.315789473684211,0.0727969348659003,1.6578947368421053,0.0191570881226053,2.1,0.1915708812260536,0.0689655172413793,1.7777777777777777,0.0249042145593869,1.0,0.0019157088122605,3.0,0.0708812260536398,2.324324324324324,0.028735632183908,1.9333333333333331,0.0134099616858237,2.857142857142857,0.0632183908045977,1.9696969696969695,0.0459770114942528,4.0,0.0153256704980842,5.5,0.0229885057471264,1.8333333333333333,0.0229885057471264,1.5,0.0095785440613026,2.8,1.2307692307692308,0.1283524904214559,3.582089552238806,0.0957854406130268,1.68,4.63,0.1628352490421455,4.141176470588236,1.7727272727272727,2.0277777777777777,0.0249042145593869,1.7692307692307692,0.0421455938697318,2.0,0.0938697318007662,1.6122448979591837,0.0153256704980842,1.625,522
a_bela_e_a_fera_ou_a_ferida_grande_demais__s01,lispector,a_bela_e_a_fera_ou_a_ferida_grande_demais,1,,original,pt,0.4603174603174603,12.6,4.223684210526316,194,449,94,500,4,4.019305019305019,0.1146025878003696,1.0806451612903225,0.0425138632162661,7.565217391304348,0.033271719038817,4.0,0.044362292051756,9.0,0.088724584103512,1.6458333333333333,0.0462107208872458,2.48,0.2144177449168207,0.0462107208872458,2.0,0.0129390018484288,1.1428571428571428,0.0184842883548983,4.6,0.0646950092421441,5.914285714285715,0.0258780036968576,2.7142857142857144,0.0036968576709796,2.0,0.0499075785582255,1.5925925925925926,0.0462107208872458,3.44,0.0184842883548983,8.5,0.0240295748613678,1.6923076923076923,0.0166358595194085,1.8888888888888888,0.0166358595194085,3.888888888888889,1.0952380952380951,0.1349353049907578,4.6438356164383565,0.1016635859519408,1.6727272727272726,5.560344827586207,0.1275415896487985,7.318840579710145,3.8333333333333335,1.7272727272727273,0.022181146025878,3.583333333333333,0.0351201478743068,1.631578947368421,0.11090573012939,2.55,0.0166358595194085,2.888888888888889,541
